INSERT INTO branches (branch_id, branch_name, location) VALUES
(1, 'Prague Headquarters', 'Wenceslas Square 1, Prague, Czech Republic'),
(2, 'Brno Central Office', 'Freedom Square 5, Brno, Czech Republic'),
(3, 'Ostrava Service Center', 'Masaryk Square 8, Ostrava, Czech Republic'),
(4, 'Pilsen Operations', 'Republic Square 3, Pilsen, Czech Republic'),
(5, 'Liberec Customer Care', 'Fügnerova 7, Liberec, Czech Republic');

INSERT INTO agents (agent_id, branch_id, name, phone, email) VALUES
(1, 3, 'Juan Roberts', '+420 605 447 387', 'janet.williams@gmail.com'),
(2, 3, 'Monica Walker', '+420 641 388 107', 'oscar.duke@email.cz'),
(3, 3, 'Aaron Scott', '+420 780 434 229', 'timothy.gross@email.cz');

INSERT INTO mycustomers (cus_id, agent_id, first_name, last_name, address, date_of_birth, email) VALUES
(1, 2, 'Phillip', 'Jones', 'Wenceslas Square 1, Prague', '1993-09-25', 'yvonne.mcdowell@seznam.cz'),
(2, 1, 'Samuel', 'Flores', 'Karlovo náměstí 15, Prague', '1966-02-17', 'kelly.melendez@gmail.com'),
(3, 2, 'Richard', 'Johnson', 'Masaryk Square 10, Ostrava', '2003-04-25', 'jenny.washington@email.cz'),
(4, 1, 'Benjamin', 'Hayes', 'Riegrova 7, Pilsen', '1959-08-17', 'martin.giles@email.cz'),
(5, 3, 'David', 'Potts', 'Wenceslas Square 1, Prague', '1984-01-15', 'jillian.russell@email.cz'),
(6, 1, 'Kevin', 'Cummings', 'Hornopolní 10, Ostrava', '1978-10-16', 'gregory.kirby@seznam.cz'),
(7, 3, 'Scott', 'Crawford', 'Dlouhá třída 5, Ostrava', '1960-02-15', 'paul.wilson@email.cz'),
(8, 2, 'Omar', 'Kelly', 'Jungmannovo náměstí 6, Prague', '1983-10-06', 'elaine.davies@email.cz'),
(9, 1, 'Michael', 'Golden', 'Karlovo náměstí 15, Prague', '1960-11-05', 'linda.williams@gmail.com'),
(10, 2, 'Johnathan', 'Hunter', 'Republic Square 2, Pilsen', '1970-08-08', 'duane.long@email.cz'),
(11, 1, 'Hunter', 'Cook', 'Freedom Square 5, Brno', '1964-05-11', 'tyler.woods@gmail.com'),
(12, 2, 'Crystal', 'Alexander', 'Hornopolní 10, Ostrava', '1974-08-05', 'emma.perez@gmail.com'),
(13, 1, 'Stanley', 'Mcmillan', 'Wenceslas Square 1, Prague', '1991-09-10', 'william.collins@email.cz'),
(14, 2, 'Mark', 'Arellano', 'Old Town Square 3, Prague', '2003-03-23', 'deanna.rasmussen@seznam.cz'),
(15, 3, 'Jill', 'Solis', 'Jungmannovo náměstí 6, Prague', '1970-07-25', 'john.curry@seznam.cz'),
(16, 1, 'Carol', 'Lawrence', 'Peace Square 12, Brno', '1998-11-26', 'ricardo.klein@email.cz'),
(17, 3, 'Kaitlyn', 'Tucker', 'Wenceslas Square 1, Prague', '1970-05-28', 'christian.harris@seznam.cz'),
(18, 3, 'Luke', 'Martinez', 'Peace Square 12, Brno', '1956-03-09', 'joseph.barrera@gmail.com'),
(19, 3, 'Lauren', 'Larsen', 'Karlovo náměstí 15, Prague', '1975-03-29', 'victoria.edwards@seznam.cz'),
(20, 2, 'Sharon', 'Bell', 'Karlovo náměstí 15, Prague', '1975-12-27', 'tiffany.beck@email.cz'),
(21, 3, 'Robert', 'Ramirez', 'Jungmannovo náměstí 6, Prague', '1957-07-14', 'michelle.fischer@email.cz'),
(22, 2, 'Angela', 'Brennan', 'Karlovo náměstí 15, Prague', '1967-01-28', 'denise.guerra@seznam.cz'),
(23, 3, 'Christopher', 'Davis', 'Masaryk Square 10, Ostrava', '1978-02-20', 'amy.calderon@email.cz'),
(24, 2, 'Elizabeth', 'Wiley', 'Freedom Square 5, Brno', '1986-12-23', 'nicholas.hall@gmail.com'),
(25, 1, 'Shelby', 'Martin', 'Peace Square 12, Brno', '1972-03-15', 'amber.hancock@gmail.com'),
(26, 2, 'Jack', 'Hill', 'Jungmannovo náměstí 6, Prague', '1977-03-19', 'diane.mcpherson@gmail.com'),
(27, 3, 'Walter', 'Taylor', 'Malinovského náměstí 20, Brno', '2000-02-02', 'robert.perez@seznam.cz'),
(28, 3, 'Laura', 'Mcintosh', 'Karlovo náměstí 15, Prague', '1970-01-12', 'brian.robinson@gmail.com'),
(29, 1, 'Jamie', 'Ford', 'Dlouhá třída 5, Ostrava', '1980-04-22', 'david.terry@gmail.com'),
(30, 1, 'Mary', 'Mendez', 'Freedom Square 5, Brno', '1960-01-31', 'randy.flores@email.cz'),
(31, 3, 'John', 'Moore', 'Peace Square 12, Brno', '1983-10-10', 'nancy.herrera@gmail.com'),
(32, 3, 'Stephanie', 'Williams', 'Masaryk Square 10, Ostrava', '1957-02-02', 'kevin.carr@seznam.cz'),
(33, 2, 'Amy', 'Sanchez', 'Stodolní Street 8, Ostrava', '1963-10-27', 'sherry.robinson@email.cz'),
(34, 1, 'Timothy', 'Serrano', 'Liberecká 4, Liberec', '1965-04-07', 'jodi.fowler@seznam.cz'),
(35, 1, 'Becky', 'Williams', 'Malinovského náměstí 20, Brno', '1978-06-28', 'randy.reyes@seznam.cz'),
(36, 2, 'Curtis', 'Merritt', 'Riegrova 7, Pilsen', '1958-06-10', 'paul.payne@email.cz'),
(37, 3, 'Jennifer', 'Brooks', 'Masaryk Square 10, Ostrava', '1997-12-29', 'amber.mccoy@seznam.cz'),
(38, 3, 'Cindy', 'Nelson', 'Peace Square 12, Brno', '2005-08-15', 'jason.clark@seznam.cz'),
(39, 2, 'Deborah', 'Mullins', 'Dlouhá třída 5, Ostrava', '1968-05-19', 'victor.williams@seznam.cz'),
(40, 2, 'Matthew', 'Johnson', 'Náměstí Republiky 3, Prague', '1962-01-17', 'barbara.chavez@seznam.cz'),
(41, 1, 'Cody', 'Harris', 'Jungmannovo náměstí 6, Prague', '1973-08-08', 'thomas.barnes@seznam.cz'),
(42, 3, 'Jason', 'Alexander', 'Wenceslas Square 1, Prague', '2000-07-27', 'jennifer.dixon@gmail.com'),
(43, 3, 'Cathy', 'Hartman', 'Old Town Square 3, Prague', '1984-02-10', 'amanda.morgan@gmail.com'),
(44, 2, 'Juan', 'Mclean', 'Karlovo náměstí 15, Prague', '1961-08-09', 'courtney.smith@gmail.com'),
(45, 1, 'Jessica', 'Hanson', 'Old Town Square 3, Prague', '1969-02-26', 'kelly.valdez@email.cz'),
(46, 1, 'Travis', 'Holder', 'Wenceslas Square 1, Prague', '1979-02-04', 'michelle.kennedy@seznam.cz'),
(47, 3, 'Hannah', 'Lewis', 'Masaryk Square 10, Ostrava', '1974-09-01', 'robert.cooper@gmail.com'),
(48, 2, 'Amy', 'Middleton', 'Stodolní Street 8, Ostrava', '1976-08-05', 'amy.conley@gmail.com'),
(49, 2, 'Amy', 'Mullen', 'Hornopolní 10, Ostrava', '1994-04-22', 'tiffany.jarvis@email.cz'),
(50, 2, 'Jeremy', 'Dixon', 'Hornopolní 10, Ostrava', '1971-01-17', 'justin.rodriguez@gmail.com');

INSERT INTO contracts (contract_id, branch_id, cus_id, contract_number, coverage_type, startdate, end_date) VALUES
(1, 2, 15, '0001', 'Liability Only', '2022-11-21', '2023-08-18'),
(2, 3, 12, '0002', 'Full Coverage', '2022-05-07', '2023-06-01'),
(3, 1, 8, '0003', 'Collision Coverage', '2023-09-08', '2025-07-29'),
(4, 2, 31, '0004', 'Collision Coverage', '2022-06-19', '2024-02-09'),
(5, 2, 26, '0005', 'Liability Only', '2022-02-10', '2023-10-03'),
(6, 5, 44, '0006', 'Collision Coverage', '2023-01-27', '2023-10-24'),
(7, 3, 32, '0007', 'Liability Only', '2022-03-03', '2024-01-22'),
(8, 4, 36, '0008', 'Full Coverage', '2022-05-24', '2023-10-16'),
(9, 4, 26, '0009', 'Collision Coverage', '2022-01-06', '2022-07-05'),
(10, 4, 3, '0010', 'Liability Only', '2022-05-13', '2024-04-02'),
(11, 3, 22, '0011', 'Collision Coverage', '2022-07-02', '2023-05-28'),
(12, 5, 23, '0012', 'Liability Only', '2023-06-24', '2024-11-15'),
(13, 4, 1, '0013', 'Liability Only', '2022-01-29', '2023-10-21'),
(14, 3, 2, '0014', 'Liability Only', '2022-06-04', '2023-04-30'),
(15, 3, 34, '0015', 'Liability Only', '2022-06-07', '2024-02-27'),
(16, 5, 46, '0016', 'Full Coverage', '2023-02-12', '2024-08-05'),
(17, 2, 38, '0017', 'Full Coverage', '2022-09-02', '2024-04-24'),
(18, 1, 38, '0018', 'Full Coverage', '2023-04-12', '2025-01-31'),
(19, 2, 15, '0019', 'Full Coverage', '2022-07-06', '2023-09-29'),
(20, 2, 43, '0020', 'Liability Only', '2022-10-25', '2023-09-20'),
(21, 2, 3, '0021', 'Liability Only', '2023-03-15', '2024-05-08'),
(22, 1, 33, '0022', 'Liability Only', '2023-10-12', '2024-07-08'),
(23, 3, 11, '0023', 'Collision Coverage', '2022-03-26', '2024-03-15'),
(24, 1, 10, '0024', 'Full Coverage', '2023-02-24', '2024-09-16'),
(25, 3, 35, '0025', 'Liability Only', '2022-09-09', '2024-08-29'),
(26, 3, 39, '0026', 'Liability Only', '2022-12-09', '2023-10-05'),
(27, 5, 10, '0027', 'Collision Coverage', '2023-12-31', '2025-02-23'),
(28, 5, 38, '0028', 'Full Coverage', '2022-11-19', '2024-06-11'),
(29, 3, 5, '0029', 'Liability Only', '2022-03-25', '2024-01-14'),
(30, 4, 28, '0030', 'Liability Only', '2022-12-31', '2024-09-21'),
(31, 5, 10, '0031', 'Liability Only', '2022-05-16', '2023-10-08'),
(32, 1, 7, '0032', 'Full Coverage', '2022-08-30', '2023-02-26'),
(33, 4, 16, '0033', 'Liability Only', '2023-12-19', '2025-07-11'),
(34, 1, 40, '0034', 'Full Coverage', '2023-09-16', '2024-06-12'),
(35, 4, 4, '0035', 'Full Coverage', '2023-04-19', '2024-02-13'),
(36, 5, 36, '0036', 'Collision Coverage', '2023-02-26', '2023-10-24'),
(37, 5, 36, '0037', 'Liability Only', '2023-04-19', '2023-10-16'),
(38, 2, 44, '0038', 'Full Coverage', '2023-12-22', '2024-10-17'),
(39, 4, 7, '0039', 'Liability Only', '2023-10-03', '2025-07-24'),
(40, 3, 5, '0040', 'Collision Coverage', '2022-12-22', '2024-06-14'),
(41, 3, 13, '0041', 'Liability Only', '2022-10-22', '2024-02-14'),
(42, 2, 4, '0042', 'Collision Coverage', '2023-05-18', '2025-05-07'),
(43, 1, 16, '0043', 'Collision Coverage', '2022-02-11', '2023-04-07'),
(44, 3, 8, '0044', 'Full Coverage', '2023-11-04', '2024-06-01'),
(45, 2, 35, '0045', 'Liability Only', '2023-07-16', '2024-09-08'),
(46, 5, 15, '0046', 'Collision Coverage', '2022-12-31', '2024-07-23'),
(47, 3, 36, '0047', 'Liability Only', '2023-10-05', '2025-03-28'),
(48, 4, 44, '0048', 'Collision Coverage', '2023-08-23', '2025-07-13'),
(49, 1, 41, '0049', 'Full Coverage', '2022-10-29', '2024-07-20'),
(50, 2, 3, '0050', 'Full Coverage', '2022-04-14', '2024-04-03');

INSERT INTO vehicles (vehicle_id, contract_id, make, vin, year, model) VALUES
(1, 1, 'Toyota', 'VIN0019638', '1994', 'Audi Corolla'),
(2, 2, 'Hyundai', 'VIN0024593', '2021', 'Ford Golf'),
(3, 3, 'Volkswagen', 'VIN0039317', '1990', 'Ford Civic'),
(4, 4, 'Volkswagen', 'VIN0044890', '2011', 'Volkswagen Golf'),
(5, 5, 'Skoda', 'VIN0057869', '2012', 'Hyundai Corolla'),
(6, 6, 'Hyundai', 'VIN0065726', '2013', 'Mercedes-Benz Picanto'),
(7, 7, 'Toyota', 'VIN0079169', '2012', 'Kia Polo'),
(8, 8, 'Mercedes-Benz', 'VIN0085869', '1984', 'Mercedes-Benz Civic'),
(9, 9, 'Hyundai', 'VIN0092297', '2011', 'Honda Corolla'),
(10, 10, 'Volkswagen', 'VIN0107151', '1992', 'Kia Golf'),
(11, 11, 'Volkswagen', 'VIN0112503', '2017', 'Audi Polo'),
(12, 12, 'Kia', 'VIN0121182', '1971', 'Toyota Picanto'),
(13, 13, 'BMW', 'VIN0131559', '1988', 'Toyota Superb'),
(14, 14, 'Hyundai', 'VIN0149095', '1972', 'Honda Octavia'),
(15, 15, 'Ford', 'VIN0153227', '2004', 'Toyota Civic'),
(16, 16, 'Skoda', 'VIN0169330', '1974', 'Volkswagen Polo'),
(17, 17, 'Hyundai', 'VIN0175735', '1995', 'Skoda Polo'),
(18, 18, 'Ford', 'VIN0187545', '2011', 'Hyundai Superb'),
(19, 19, 'Toyota', 'VIN0194250', '2023', 'Audi Octavia'),
(20, 20, 'Mercedes-Benz', 'VIN0207362', '2008', 'Toyota Tucson'),
(21, 21, 'Kia', 'VIN0216020', '1992', 'Audi Corolla'),
(22, 22, 'Ford', 'VIN0226596', '2001', 'Skoda Sportage'),
(23, 23, 'Mercedes-Benz', 'VIN0234512', '2016', 'Kia Sportage'),
(24, 24, 'Skoda', 'VIN0243042', '2000', 'Audi Elantra'),
(25, 25, 'Audi', 'VIN0258041', '2014', 'Volkswagen Superb'),
(26, 26, 'Audi', 'VIN0264429', '1991', 'BMW Picanto'),
(27, 27, 'Mercedes-Benz', 'VIN0271810', '1997', 'BMW Polo'),
(28, 28, 'Skoda', 'VIN0281636', '2011', 'Hyundai Sportage'),
(29, 29, 'Hyundai', 'VIN0294838', '2013', 'Hyundai Civic'),
(30, 30, 'Volkswagen', 'VIN0301887', '1990', 'Hyundai Civic'),
(31, 31, 'Kia', 'VIN0318054', '1997', 'BMW Civic'),
(32, 32, 'Toyota', 'VIN0326325', '2002', 'Hyundai Polo'),
(33, 33, 'Hyundai', 'VIN0333333', '2018', 'Audi Golf'),
(34, 34, 'Kia', 'VIN0342775', '2007', 'Ford Civic'),
(35, 35, 'Toyota', 'VIN0351446', '2009', 'Mercedes-Benz Octavia'),
(36, 36, 'Toyota', 'VIN0368094', '1993', 'Audi Sportage'),
(37, 37, 'Mercedes-Benz', 'VIN0374733', '1976', 'Honda Picanto'),
(38, 38, 'Hyundai', 'VIN0387259', '1998', 'Kia Superb'),
(39, 39, 'Ford', 'VIN0396760', '1988', 'BMW Superb'),
(40, 40, 'Volkswagen', 'VIN0406423', '2013', 'Toyota Sportage'),
(41, 41, 'Audi', 'VIN0413762', '1989', 'Toyota Octavia'),
(42, 42, 'Hyundai', 'VIN0429800', '1993', 'Kia Octavia'),
(43, 43, 'Hyundai', 'VIN0433321', '1996', 'BMW Elantra'),
(44, 44, 'Ford', 'VIN0441009', '2017', 'Skoda Superb'),
(45, 45, 'Mercedes-Benz', 'VIN0458549', '1986', 'Kia Civic'),
(46, 46, 'Toyota', 'VIN0461380', '2000', 'Mercedes-Benz Octavia'),
(47, 47, 'BMW', 'VIN0474964', '1983', 'Hyundai Corolla'),
(48, 48, 'Hyundai', 'VIN0481845', '2003', 'Honda Corolla'),
(49, 49, 'Skoda', 'VIN0493146', '1979', 'Skoda Corolla'),
(50, 50, 'Honda', 'VIN0504327', '1984', 'Audi Superb');

INSERT INTO claims (claim_id, vehicle_id, claim_date, description) VALUES
(1, 38, '2024-08-08', 'Flood damage claim'),
(2, 49, '2023-12-27', 'Flood damage claim'),
(3, 30, '2023-03-10', 'Rear-end collision resulting in minor damage'),
(4, 26, '2024-09-23', 'Rear-end collision resulting in minor damage'),
(5, 38, '2023-10-03', 'Broken headlight from minor accident'),
(6, 46, '2023-06-13', 'Tire puncture repair'),
(7, 23, '2023-07-07', 'Flood damage claim'),
(8, 32, '2023-01-16', 'Scratches on car from vandalism'),
(9, 7, '2024-07-06', 'Windshield cracked due to debris'),
(10, 11, '2024-05-13', 'Rear bumper dented in a parking mishap'),
(11, 39, '2024-01-26', 'Flood damage claim'),
(12, 12, '2023-05-21', 'Flood damage claim'),
(13, 26, '2023-08-02', 'Broken headlight from minor accident'),
(14, 8, '2024-01-14', 'Flood damage claim'),
(15, 32, '2024-07-04', 'Flood damage claim'),
(16, 1, '2023-07-25', 'Tire puncture repair'),
(17, 30, '2023-07-19', 'Flood damage claim'),
(18, 11, '2024-10-15', 'Vehicle theft reported'),
(19, 31, '2024-02-17', 'Side impact damage from parking lot accident'),
(20, 43, '2023-07-27', 'Engine malfunction covered under insurance'),
(21, 32, '2023-11-15', 'Scratches on car from vandalism'),
(22, 17, '2024-04-16', 'Vehicle theft reported'),
(23, 22, '2024-12-29', 'Flood damage claim'),
(24, 15, '2023-09-27', 'Vehicle theft reported'),
(25, 47, '2023-07-05', 'Vehicle theft reported'),
(26, 27, '2024-01-26', 'Tire puncture repair'),
(27, 46, '2024-07-10', 'Broken headlight from minor accident'),
(28, 6, '2023-07-14', 'Scratches on car from vandalism'),
(29, 6, '2024-09-12', 'Tire puncture repair'),
(30, 39, '2024-10-30', 'Windshield cracked due to debris');

INSERT INTO feedback (feedback_id, branch_id, cus_id, feedback_type, feedback_date, comments) VALUES
(1, 3, 23, 'Positive', '2024-06-18', 'Service was good but could be faster.'),
(2, 1, 34, 'Negative', '2023-08-19', 'Quick response time and great support.'),
(3, 5, 32, 'Neutral', '2024-01-07', 'Highly recommend this branch for insurance.'),
(4, 3, 4, 'Positive', '2024-01-18', 'Average experience, nothing special.'),
(5, 1, 29, 'Negative', '2024-06-12', 'The service was not up to expectations.'),
(6, 3, 39, 'Negative', '2023-07-14', 'Service was good but could be faster.'),
(7, 2, 12, 'Neutral', '2024-11-17', 'The service was not up to expectations.'),
(8, 4, 21, 'Negative', '2024-09-18', 'Average experience, nothing special.'),
(9, 3, 43, 'Negative', '2024-08-20', 'Unhappy with claim processing time.'),
(10, 1, 35, 'Neutral', '2024-06-20', 'Satisfied with the coverage offered.'),
(11, 5, 27, 'Neutral', '2024-01-16', 'Excellent service, highly satisfied.'),
(12, 4, 38, 'Neutral', '2023-01-02', 'Quick response time and great support.'),
(13, 1, 33, 'Negative', '2023-06-28', 'Satisfied with the coverage offered.'),
(14, 1, 48, 'Negative', '2024-12-10', 'Excellent service, highly satisfied.'),
(15, 4, 1, 'Positive', '2024-12-18', 'Quick response time and great support.'),
(16, 4, 11, 'Negative', '2023-08-18', 'Average experience, nothing special.'),
(17, 1, 35, 'Negative', '2023-03-22', 'Quick response time and great support.'),
(18, 2, 37, 'Negative', '2023-03-07', 'Satisfied with the coverage offered.'),
(19, 1, 16, 'Neutral', '2023-01-20', 'Average experience, nothing special.'),
(20, 3, 3, 'Negative', '2023-06-27', 'Service was good but could be faster.'),
(21, 1, 12, 'Positive', '2023-03-13', 'Unhappy with claim processing time.'),
(22, 1, 14, 'Neutral', '2023-03-07', 'The service was not up to expectations.'),
(23, 3, 27, 'Neutral', '2023-09-18', 'Very helpful and professional staff.'),
(24, 1, 36, 'Positive', '2023-11-26', 'Service was good but could be faster.'),
(25, 4, 40, 'Positive', '2023-05-17', 'Claim process took longer than expected.');

INSERT INTO payment (payment_id, contract_id, payment_date, payment_method, amount) VALUES
(1, 1, '2023-05-11', 'Cash', 14237),
(2, 2, '2024-04-29', 'Bank Transfer', 17885),
(3, 3, '2024-06-30', 'Bank Transfer', 9985),
(4, 4, '2023-02-20', 'Cash', 11557),
(5, 5, '2023-11-24', 'Credit Card', 12414),
(6, 6, '2024-04-22', 'Cash', 5075),
(7, 7, '2024-10-27', 'Credit Card', 12749),
(8, 8, '2024-12-20', 'Cash', 6459),
(9, 9, '2023-08-16', 'Credit Card', 8016),
(10, 10, '2023-12-10', 'Bank Transfer', 10792),
(11, 11, '2024-06-23', 'Cash', 19247),
(12, 12, '2023-05-14', 'Bank Transfer', 19550),
(13, 13, '2024-08-26', 'Cash', 6011),
(14, 14, '2024-06-29', 'Credit Card', 15797),
(15, 15, '2024-01-12', 'Credit Card', 5608),
(16, 16, '2024-04-06', 'Bank Transfer', 6230),
(17, 17, '2024-07-14', 'Bank Transfer', 17762),
(18, 18, '2024-06-23', 'Credit Card', 16940),
(19, 19, '2023-03-20', 'Cash', 6418),
(20, 20, '2023-09-20', 'Credit Card', 9661),
(21, 21, '2024-07-23', 'Cash', 8200),
(22, 22, '2024-08-02', 'Bank Transfer', 16985),
(23, 23, '2023-09-03', 'Bank Transfer', 17210),
(24, 24, '2024-03-09', 'Bank Transfer', 16575),
(25, 25, '2024-04-24', 'Cash', 15081),
(26, 26, '2024-05-29', 'Bank Transfer', 17130),
(27, 27, '2023-06-05', 'Credit Card', 6916),
(28, 28, '2023-06-23', 'Credit Card', 12172),
(29, 29, '2024-01-12', 'Cash', 9993),
(30, 30, '2023-07-31', 'Cash', 8725),
(31, 31, '2023-03-06', 'Credit Card', 13932),
(32, 32, '2024-09-15', 'Credit Card', 13832),
(33, 33, '2024-09-26', 'Credit Card', 9206),
(34, 34, '2024-06-20', 'Cash', 18416),
(35, 35, '2023-01-10', 'Credit Card', 14704),
(36, 36, '2023-12-02', 'Bank Transfer', 13944),
(37, 37, '2024-03-15', 'Bank Transfer', 13569),
(38, 38, '2024-05-01', 'Cash', 14876),
(39, 39, '2024-03-20', 'Cash', 11175),
(40, 40, '2024-10-14', 'Cash', 5870),
(41, 41, '2024-11-11', 'Credit Card', 5915),
(42, 42, '2024-02-17', 'Bank Transfer', 8826),
(43, 43, '2024-12-24', 'Bank Transfer', 7639),
(44, 44, '2023-02-14', 'Credit Card', 8788),
(45, 45, '2023-12-29', 'Cash', 16459),
(46, 46, '2024-11-13', 'Bank Transfer', 17847),
(47, 47, '2023-01-29', 'Credit Card', 18897),
(48, 48, '2023-02-24', 'Bank Transfer', 10193),
(49, 49, '2023-01-11', 'Bank Transfer', 16441),
(50, 50, '2024-11-01', 'Cash', 8716);